code_barre,adresseLongitude,adresseLatitude,adresseLigne1,code_postal,region,commune,populationCommune,densite,niveau_de_vie,gareLaPlusProche,distanceGare,nombre_paiements,nombre_contacts,taux de transformation
DM20191003-601,2.43731,48.91926,76 RUE ROGER SALENGRO,93700.0,Ile-de-France,Drancy,71605.0,4,16581.428571,Bobigny,1.0486884809798547,18.0,72,25.0
DM20191003-602,4.64429,46.03178,90C RUE ADOLPHE VALETTE,69460.0,Auvergne-Rhône-Alpes,Blacé,1656.0,2,23863.333333,St-Georges-de-Reneins,6.660497418221155,6.0,36,16.666666666666664
DM20191003-603,2.1975,46.56188,22-24 RUE DE LA LIBERATION,18370.0,Centre-Val de Loire,Châteaumeillant,1800.0,2,17977.142857,Lavaufranche,27.13950389645464,28.0,62,45.16129032258064
DM20200415-102,1.36823,48.73631,5 BIS RUE DE SENARMONT,28100.0,Centre-Val de Loire,Dreux,31605.0,3,16066.0,Dreux,0.6066468017337694,1.0,6,16.666666666666664
DM20200415-103,1.08974,49.43869,7 RUE GRAND PONT,76000.0,Normandie,Rouen,111760.0,4,19263.333333,Rouen-Rive-Droite,1.211675951588414,10.0,22,45.45454545454545
DM20200415-104,3.30369,48.19564,CENTRE COMMERCIAL DES CHAMPS PLAISANTS,89100.0,Bourgogne-Franche-Comté,Sens,26519.0,3,16995.757576,Sens,2.7138242834104322,10.0,42,23.809523809523807
DM20200415-105,3.29929,49.86092,72 AV ROBERT SCHUMANN,2100.0,Hauts-de-France,Saint-Quentin,55098.0,3,16301.0,St-Quentin,2.358047979263321,6.0,62,9.67741935483871
DM20200415-106,3.29221,47.73504,1 RUE LUCILE CORMIER,89130.0,Bourgogne-Franche-Comté,Toucy,2802.0,2,18482.0,Étais (GS),26.57448882442285,44.0,61,72.1311475409836
DM20200415-107,2.23645,48.98523,TROISIEME AVENUE,95130.0,Ile-de-France,Franconville,36972.0,1,21647.692308,Franconville-Plessis-Bouchard,0.918858983581334,14.0,52,26.923076923076923
DM20200415-108,2.08008,50.01585,34 Rue Roger Godard,80420.0,Hauts-de-France,Flixecourt,3249.0,2,17374.0,Hangest,3.8712525720731223,7.0,17,41.17647058823529
DM20200415-109,2.47678,49.26295,45 QUAI D'AMONT,60100.0,Hauts-de-France,Creil,35884.0,4,14103.888889,Creil,0.561573379878231,3.0,339,0.8849557522123894
DM20200415-110,6.31082,46.06721,15 PL DE LA GRENETTE,74800.0,Auvergne-Rhône-Alpes,La Roche-sur-Foron,11683.0,3,24397.142857,La Roche-sur-Foron,0.5481937778442235,16.0,36,44.44444444444444
DM20200415-111,1.83524,48.51682,61 RUE PIERRE TROUVE,78660.0,Ile-de-France,Ablis,3487.0,2,23847.083333,Auneau,8.85291687719535,13.0,36,36.11111111111111
PROX-BDB-0122-356577,4.85053,45.74225,44 RTE DE VIENNE,69007.0,Auvergne-Rhône-Alpes,Lyon 7e Arrondissement,82105.0,4,20856.5,Lyon-Guillotière,0.4581393150857112,9.0,37,24.324324324324326
PROX-BDB-0122-356578,5.23062,46.21255,2 B RUE ROBERT SCHUMAN,1000.0,Auvergne-Rhône-Alpes,Bourg-en-Bresse,43306.0,3,18088.0,Bourg-en-Bresse,1.7130019726414565,10.0,139,7.194244604316546
PROX-BDB-0122-356579,2.21284,49.19858,6 RUE DU 11 NOVEMBRE,60540.0,Hauts-de-France,Bornel,4886.0,2,22003.461538,Bornel-Belle-Église,0.6128598003173454,10.0,25,40.0
PROX-BDB-0122-356580,2.11962,49.20155,49 RUE NATIONALE,60110.0,Hauts-de-France,Amblainville,1761.0,2,23681.428571,Méru,3.560782866977928,10.0,96,10.416666666666668
PROX-BDB-0122-356581,2.77038,50.41814,1 RUE JEAN BAPTISTE DEFERNEZ,62800.0,Hauts-de-France,Liévin,31154.0,4,15163.6,Liévin,1.77343740563853,30.0,59,50.847457627118644
PROX-BDB-0122-356582,2.44442,49.29237,529 RUE DE LA REPUBLIQUE,60290.0,Hauts-de-France,Laigneville,4772.0,3,20800.434783,Laigneville,0.35133674098899637,7.0,88,7.954545454545454
PROX-BDB-0122-356583,4.90027,45.70507,27 DEUXIEME AVENUE,69800.0,Auvergne-Rhône-Alpes,Saint-Priest,46497.0,2,21383.0,Vénissieux,0.8834061485501618,3.0,69,4.3478260869565215
PROX-BDB-0122-356584,4.79905,45.37244,100 RUE DE LA REPUBLIQUE,38550.0,Auvergne-Rhône-Alpes,Le Péage-de-Roussillon,6756.0,3,16496.0,Le Péage-de-Roussillon,0.30831635567341203,16.0,80,20.0
PROX-BDB-0122-356585,4.82865,45.76238,22 QUAI ROMAIN ROLLAND,69005.0,Auvergne-Rhône-Alpes,Lyon 5e Arrondissement,50473.0,4,22735.666667,Lyon-St-Paul,0.5014982023580156,11.0,28,39.285714285714285
PROX-BDB-0122-356586,2.20017,49.328,34 RUE DE PARIS,60430.0,Hauts-de-France,Noailles,2868.0,2,20538.666667,Villers-St-Sépulcre,4.634786562686074,8.0,46,17.391304347826086
PROX-BDB-0122-356587,4.43356,45.89854,17 PL AMBROISE CROIZAT,69170.0,Auvergne-Rhône-Alpes,Tarare,10863.0,3,17220.0,Chamelet,10.84937519332845,21.0,89,23.595505617977526
PROX-BDB-0122-356588,4.79726,45.75654,70 AV DU POINT DU JOUR,69005.0,Auvergne-Rhône-Alpes,Lyon 5e Arrondissement,50473.0,4,22735.666667,Lyon-Gorge-de-Loup,1.189076931765733,1.0,42,2.380952380952381
PROX-BDB-0122-356589,2.74364,49.08782,51 RUE MESLIN,60330.0,Hauts-de-France,Lagny-le-Sec,2116.0,3,26148.095238,Le Plessis-Belleville,0.9072651130044754,7.0,55,12.727272727272727
PROX-BDB-0122-356590,2.82368,49.41819,24 RUE SAINT NICOLAS,60200.0,Hauts-de-France,Compiègne,41235.0,3,18656.666667,Compiègne,0.46447352100243383,8.0,30,26.666666666666668
PROX-BDB-0122-356591,2.41733,49.3847,34 AV DES DEPORTES,60600.0,Hauts-de-France,Clermont,10362.0,1,24076.041667,Clermont-de-l'Oise,0.10622406966263699,23.0,43,53.48837209302325
PROX-BDB-0122-356592,2.43025,49.5055,50 RUE DE BEAUVAIS,60130.0,Hauts-de-France,Saint-Just-en-Chaussée,6059.0,3,17693.0,St-Just-en-Chaussée,0.1805308872505468,12.0,32,37.5
PROX-BDB-0122-356593,4.87416,45.74352,133 AV DES FRERES LUMIERE,69008.0,Auvergne-Rhône-Alpes,Lyon 8e Arrondissement,86110.0,4,18710.0,Lyon-Part-Dieu,2.180589332560257,14.0,55,25.454545454545453
PROX-BDB-0122-356594,2.2913,50.27737,35 RUE HOUBART,62270.0,Hauts-de-France,Frévent,3628.0,2,14617.619048,St-Pol-sur-Ternoise,11.793855122864768,54.0,74,72.97297297297297
PROX-BDB-0122-356595,2.7289,49.30786,2 RUE DE PARIS,60410.0,Hauts-de-France,Verberie,3900.0,3,20308.0,Verberie,1.8199921810047681,9.0,65,13.846153846153847
PROX-BDB-0122-356596,3.00532,49.58232,17 RUE DU MARECHAL LECLERC,60400.0,Hauts-de-France,Noyon,13831.0,3,15716.666667,Noyon,0.5985932614481666,23.0,138,16.666666666666664
PROX-BDB-0122-356597,4.59584,46.15028,100 RUE DU GENERAL LECLERC,69430.0,Auvergne-Rhône-Alpes,Beaujeu,2190.0,1,19210.0,Lamure-sur-Azergues,12.733488065167021,5.0,51,9.803921568627452
PROX-BDB-0122-356598,4.88301,45.76876,136 B RUE ANATOLE FRANCE,69100.0,Auvergne-Rhône-Alpes,Villeurbanne,148754.0,4,18899.333333,Lyon-Part-Dieu,1.9914380329252077,17.0,43,39.53488372093023
PROX-BDB-0122-356599,4.88802,45.69741,89 BD AMBROISE CROIZAT,69200.0,Auvergne-Rhône-Alpes,Vénissieux,66202.0,4,15621.0,Vénissieux,0.8258597923268836,1.0,133,0.7518796992481203
PROX-BDB-0122-356600,4.91457,45.74925,291 RTE DE GENAS,69100.0,Auvergne-Rhône-Alpes,Villeurbanne,148754.0,4,18899.333333,Vénissieux,5.327956699366999,1.0,51,1.9607843137254901
PROX-BDB-0122-356601,4.8787,45.77816,105 B AV ROGER SALENGRO,69100.0,Auvergne-Rhône-Alpes,Villeurbanne,148754.0,4,18899.333333,Lyon-Part-Dieu,2.428437570911078,2.0,36,5.555555555555555
PROX-BDB-0122-356602,4.88981,45.76384,150 RUE DU QUATRE AOUT 1789,69100.0,Auvergne-Rhône-Alpes,Villeurbanne,148754.0,4,18899.333333,Lyon-Part-Dieu,2.3260180681559643,11.0,59,18.64406779661017
PROX-BDB-0122-356603,2.93995,49.92798,14 AV DE LA GARE,80200.0,Hauts-de-France,Doingt,1463.0,3,20038.333333,Péronne-la-Chapelette,1.390162308576108,11.0,37,29.72972972972973
PROX-BDB-0122-356604,4.27047,45.52707,12 rue Molière,42160.0,Auvergne-Rhône-Alpes,Andrézieux-Bouthéon,9953.0,3,18537.666667,Bouthéon,0.6291926935044017,2.0,8,25.0
PROX-BDB-0122-356605,2.26097,49.87036,1 Rue Albert Camus,80480.0,Hauts-de-France,Salouël,4032.0,3,24998.26087,St-Roch (Somme),3.002620275733338,3.0,47,6.382978723404255
PROX-BDB-0122-356606,2.63668,49.42514,1 RUE DU CALVAIRE,60190.0,Hauts-de-France,Estrées-Saint-Denis,3805.0,2,20554.5,Estrées-St-Denis,1.4826053615070118,16.0,20,80.0
PROX-BDB-0122-356607,2.78889,49.69839,8 place de l'hôtel de ville,80700.0,Hauts-de-France,Roye,5848.0,2,18325.333333,Roye (Somme),0.7542898440944804,4.0,61,6.557377049180328
PROX-BDB-0122-356608,2.81771,49.40375,2 RUE DE NORMANDIE,60200.0,Hauts-de-France,Compiègne,41235.0,3,18656.666667,Compiègne,2.1167249160976525,15.0,44,34.090909090909086
PROX-BDB-0122-356609,4.86604,45.73195,83 BD DES ETATS UNIS,69008.0,Auvergne-Rhône-Alpes,Lyon 8e Arrondissement,86110.0,4,18710.0,Port-Édouard-Herriot,1.458453967185747,4.0,42,9.523809523809524
PROX-BDB-0122-356610,-3.25086,47.82618,18 RUE EMILE ZOLA,56650.0,Bretagne,Inzinzac-Lochrist,6657.0,3,19952.666667,Hennebont,3.979280924388005,13.0,30,43.333333333333336
PROX-BDB-0122-356611,-1.70813,48.12303,SQ DE FLANDRE,35000.0,Bretagne,Rennes,220925.0,4,20110.555556,Pontchaillou,1.3229049281595513,26.0,69,37.68115942028986
PROX-BDB-0122-356612,4.76187,45.59016,3 RUE EDOUARD IDOUX,69700.0,Auvergne-Rhône-Alpes,Givors,20089.0,3,16580.666667,Givors,0.6433065532039216,3.0,15,20.0
PROX-BDB-0122-356613,4.829,46.29993,27 Avenue Edouard Herriot,71000.0,Bourgogne-Franche-Comté,Mâcon,34417.0,3,17605.0,Mâcon-Ville,0.46477316242563405,7.0,26,26.923076923076923
PROX-BDB-0122-356614,2.29539,49.88922,69 RUE DE LA REPUBLIQUE,80000.0,Hauts-de-France,Amiens,136754.0,4,17376.0,St-Roch (Somme),0.9499345118473993,6.0,34,17.647058823529413
PROX-BDB-0122-356615,2.32823,49.87584,470 RUE DE CAGNY,80090.0,Hauts-de-France,Amiens,136754.0,4,17376.0,Amiens,2.0722814630192783,11.0,25,44.0
PROX-BDB-0122-356616,1.98315,49.77534,7 RUE CHARLES MEHAYE,80290.0,Hauts-de-France,Poix-de-Picardie,2440.0,2,18323.0,Poix-de-Picardie,0.5613471553056887,40.0,100,40.0
PROX-BDB-0122-356617,1.84179,50.0964,76 RTE DE PARIS,80100.0,Hauts-de-France,Abbeville,23358.0,3,16411.333333,Abbeville,1.392861401930149,26.0,38,68.42105263157895
PROX-BDB-0122-356618,2.03701,50.37347,11 Place D'ARMES,62140.0,Hauts-de-France,Hesdin,2237.0,3,15106.923077,Hesdin,0.5507664988135896,8.0,9,88.88888888888889
PROX-BDB-0122-356619,4.0652,45.42275,12 PL REPUBLIQUE,42380.0,Auvergne-Rhône-Alpes,Saint-Bonnet-le-Château,1575.0,2,17171.666667,Aurec,11.882115015501233,3.0,22,13.636363636363635
PROX-BDB-0122-356620,1.99274,50.0117,10 GRANDE RUE,80510.0,Hauts-de-France,Longpré-les-Corps-Saints,1685.0,2,17776.666667,Longpré-les-Corps-Saints,0.738803785362813,9.0,15,60.0
PROX-BDB-0122-356621,2.20038,49.92811,5 RUE JEAN JAURES,80470.0,Hauts-de-France,Ailly-sur-Somme,2993.0,3,19402.380952,Ailly-sur-Somme,0.04700578066969607,7.0,15,46.666666666666664
PROX-BDB-0122-356622,2.47911,49.77165,48 RUE DE LA REPUBLIQUE,80110.0,Hauts-de-France,Moreuil,4008.0,2,19056.666667,Moreuil,0.6596623852275393,20.0,46,43.47826086956522
PROX-BDB-0122-356623,2.56705,49.64717,9 PL DU GENERAL DE GAULLE,80500.0,Hauts-de-France,Montdidier,6359.0,1,17047.0,Montdidier,0.6407448850982943,53.0,76,69.73684210526315
PROX-BDB-0122-356624,2.29093,49.89067,154 RUE MAL DE LATTRE DE TASSIGNY,80000.0,Hauts-de-France,Amiens,136754.0,4,17376.0,St-Roch (Somme),0.5921951515728694,5.0,33,15.151515151515152
PROX-BDB-0122-356625,3.02179,50.33497,24 RUE DU PONT,62117.0,Hauts-de-France,Brebières,5083.0,3,19613.043478,Brebières-Sud,0.5918656841284583,6.0,23,26.08695652173913
PROX-BDB-0122-356626,2.93841,50.24896,35 RUE ANDRE MERCIER,62156.0,Hauts-de-France,Vis-en-Artois,669.0,2,20456.666667,Biache-St-Vaast,7.487922861029498,17.0,37,45.94594594594595
PROX-BDB-0122-356627,4.36509,48.95913,9 RUE LEON BOURGEOIS,51000.0,Grand Est,Châlons-en-Champagne,45997.0,3,18131.428571,Châlons-en-Champagne,1.2521937402648249,28.0,49,57.14285714285714
PROX-BDB-0122-356628,3.07888,50.36431,434 RUE DE PARIS,59500.0,Hauts-de-France,Douai,40605.0,4,16504.0,Douai,1.1511159655256593,4.0,19,21.052631578947366
PROX-BDB-0122-356629,3.01524,50.48319,86 RUE CYPRIEN QUINET,62820.0,Hauts-de-France,Libercourt,8398.0,3,15782.666667,Libercourt,0.6105662589014348,46.0,90,51.11111111111111
PROX-BDB-0122-356630,2.75785,50.27444,102 RUE RAOUL BRIQUET,62217.0,Hauts-de-France,Achicourt,7903.0,4,19145.555556,Arras,2.1757164172071404,9.0,63,14.285714285714285
PROX-BDB-0122-356631,2.91209,50.42107,23 bis Rue du 8 Mai 1945,62420.0,Hauts-de-France,Billy-Montigny,8192.0,4,15201.428571,Billy-Montigny,0.6427511690828114,5.0,26,19.230769230769234
PROX-BDB-0122-356632,3.48841,50.33056,2 AV AMBROISE CROIZAT,59125.0,Hauts-de-France,Trith-Saint-Léger,6305.0,3,17093.793103,Trith-St-Léger,0.13703618872332546,8.0,27,29.629629629629626
PROX-BDB-0122-356633,2.41524,50.63625,5001 Rue Jean Monnet,62120.0,Hauts-de-France,Aire-sur-la-Lys,10128.0,3,17819.0,Aire-sur-la-Lys,0.864138133137768,6.0,29,20.689655172413794
PROX-BDB-0122-356634,5.57424,46.18529,20 avenue François Prosper de Dougla,1460.0,Auvergne-Rhône-Alpes,Montréal-la-Cluse,3505.0,3,18042.5,Brion-Montréal-la-Cluse,1.61723953064022,8.0,37,21.62162162162162
PROX-BDB-0122-356635,3.52456,50.34918,48 AV DE REIMS,59300.0,Hauts-de-France,Valenciennes,43755.0,4,17590.666667,Marly-les-Valenciennes,0.760947507403324,5.0,23,21.73913043478261
PROX-BDB-0122-356636,4.86511,45.75699,239 RUE PAUL BERT,69003.0,Auvergne-Rhône-Alpes,Lyon 3e Arrondissement,102752.0,4,23139.0,Lyon-Part-Dieu,0.5485572595051484,8.0,37,21.62162162162162
PROX-BDB-0122-356637,4.97524,45.77207,372 AV JEAN JAURES,69150.0,Auvergne-Rhône-Alpes,Décines-Charpieu,28730.0,4,19491.714286,Miribel,5.776895682407881,5.0,101,4.9504950495049505
PROX-BDB-0122-356638,4.93746,45.76809,9 AV JEAN JAURES,69150.0,Auvergne-Rhône-Alpes,Décines-Charpieu,28730.0,4,19491.714286,Miribel,6.106275118074471,7.0,38,18.421052631578945
PROX-BDB-0122-356639,2.63888,50.53286,128 RUE SADI CARNOT,62400.0,Hauts-de-France,Béthune,25228.0,3,16553.333333,Béthune-Rivage,0.5870917176011611,5.0,35,14.285714285714285
PROX-BDB-0122-356640,2.08039,50.87869,292 PL DU GENERAL DE GAULLE,62370.0,Hauts-de-France,Audruicq,5465.0,2,18232.564103,Audruicq,0.4179289257485362,91.0,132,68.93939393939394
PROX-BDB-0122-356641,3.03548,50.62128,105 RUE D ISLY,59000.0,Hauts-de-France,Lille,234842.0,4,17842.0,Lille CHR,0.7633291356884429,20.0,37,54.054054054054056
PROX-BDB-0122-356642,3.4084,50.11381,260 RUE DE SAINT QUENTIN,59540.0,Hauts-de-France,Caudry,14739.0,3,15730.666667,Caudry,0.2747916419565729,5.0,30,16.666666666666664
PROX-BDB-0122-356643,2.30541,51.02834,66 RUE DU GEN DE GAULLE,59430.0,Hauts-de-France,Dunkerque,88667.0,4,17871.304348,Grande-Synthe,2.9089444213432443,12.0,18,66.66666666666666
PROX-BDB-0122-356644,1.95368,50.94737,172 AV FRANCOIS MITTERRAND,62730.0,Hauts-de-France,Marck,10819.0,3,19330.769231,Marck,0.23172084112072602,14.0,62,22.58064516129032
PROX-BDB-0122-356645,1.86164,50.94981,94 RUE DESCARTES,62100.0,Hauts-de-France,Calais,74581.0,4,15539.230769,Calais-Ville,0.8788379304648763,17.0,41,41.46341463414634
PROX-BDB-0122-356646,1.61468,50.71667,111 RUE DE BREQUERECQUE,62200.0,Hauts-de-France,Boulogne-sur-Mer,41320.0,4,15260.0,Boulogne-Tintelleries,1.2424570949374527,24.0,80,30.0
PROX-BDB-0122-356647,3.32787,49.38222,16 RUE DU COMMERCE,2200.0,Hauts-de-France,Soissons,29176.0,3,16438.0,Soissons,1.654690754485258,9.0,43,20.930232558139537
PROX-BDB-0122-356648,1.64071,50.51986,15 RUE DE LA PIERRE TROUEE,62630.0,Hauts-de-France,Étaples,10963.0,3,16055.333333,Étaples-Le Touquet,0.3475208692241625,16.0,86,18.6046511627907
PROX-BDB-0122-356649,2.7467,50.29362,4 RUE DES HORTENSIAS,62000.0,Hauts-de-France,Arras,41813.0,4,17312.0,Arras,2.614874264150875,35.0,100,35.0
PROX-BDB-0122-356650,2.34162,50.15572,50 RUE DU BOURG,80600.0,Hauts-de-France,Doullens,6412.0,3,16360.4,St-Pol-sur-Ternoise,24.805393216850106,15.0,32,46.875
PROX-BDB-0122-356651,5.71633,45.1906,54 AV FELIX VIALLET,38000.0,Auvergne-Rhône-Alpes,Grenoble,160625.0,4,19773.333333,Grenoble,0.14437747565700268,1.0,27,3.7037037037037033
PROX-BDB-0520-330534,5.53655,43.21354,Quai des Moulins,13260.0,Provence-Alpes-Côte d'Azur,Cassis,7250.0,3,24305.333333,Cassis,2.6545161991685466,250.0,1161,21.53316106804479
PROX-BDB-0620-335072,2.14551,43.92778,18 LICES GEORGES POMPIDOU,81000.0,Occitanie,Albi,50759.0,3,19399.444444,Albi,0.8647342428463077,20.0,101,19.801980198019802
PROX-BDB-0620-336491,3.20051,46.10104,29 Cours  DE LA REPUBLIQUE,3800.0,Auvergne-Rhône-Alpes,Gannat,6032.0,2,18239.333333,Gannat,0.5075071096731159,26.0,41,63.41463414634146
PROX-BDB-0620-336492,-0.43759,43.32421,170 BD DE L EUROPE,64230.0,Nouvelle-Aquitaine,Lescar,10225.0,3,23600.714286,Lescar,0.11792661708843781,15.0,37,40.54054054054054
PROX-BDB-0620-336493,4.36435,46.67601,5 rue Danton,71300.0,Bourgogne-Franche-Comté,Montceau-les-Mines,18789.0,3,16972.0,Montceau-les-Mines,0.6596172232591305,91.0,136,66.91176470588235
PROX-BDB-0620-336494,4.45028,46.80312,177 RUE MARECHAL FOCH,71200.0,Bourgogne-Franche-Comté,Le Creusot,21935.0,3,17813.304348,Le Creusot,1.653769928463669,3.0,13,23.076923076923077
PROX-BDB-0620-336495,7.06605,49.10904,9 PL DU GENERAL SIBILLE,57200.0,Grand Est,Sarreguemines,21232.0,3,17647.333333,Sarreguemines,0.2565190809403888,22.0,38,57.89473684210527
PROX-BDB-0620-336496,4.89481,44.92476,19 PL DE LA PAIX,26000.0,Auvergne-Rhône-Alpes,Valence,65028.0,1,18135.0,Valence,0.3674613517514025,7.0,29,24.137931034482758
PROX-BDB-0620-336497,-4.48948,48.39009,22-24 RUE ALGESIRAS,29200.0,Bretagne,Brest,142748.0,4,19050.869565,Brest,0.7931591558971869,31.0,92,33.69565217391305
PROX-BDB-0620-336498,5.86572,43.10786,119 BOULEVARD MARECHAL ALPHONSE JUIN,83500.0,Provence-Alpes-Côte d'Azur,La Seyne-sur-Mer,64717.0,4,18388.4,La Seyne-Six-Fours,1.3517577621844086,5.0,19,26.31578947368421
PROX-BDB-0620-336500,3.31792,46.57578,1 Rue Jean Baron,3000.0,Auvergne-Rhône-Alpes,Moulins,20227.0,1,20248.888889,Moulins-sur-Allier,2.2931274015991874,17.0,32,53.125
PROX-BDB-0620-336501,-1.17595,46.16407,141 AV EDMOND GRASSET,17000.0,Nouvelle-Aquitaine,La Rochelle,77855.0,4,19154.0,La Rochelle-Porte-Dauphine,1.883839968319629,5.0,51,9.803921568627452
PROX-BDB-0620-336502,4.58178,48.72646,38 RUE DU PONT,51300.0,Grand Est,Vitry-le-François,12416.0,3,15901.0,Vitry-le-François,1.052553907546661,2.0,27,7.4074074074074066
PROX-BDB-0620-336503,7.09825,43.62739,15 RUE ST SEBASTIEN,6410.0,Provence-Alpes-Côte d'Azur,Biot,10084.0,3,25915.0,Biot,2.85669527782677,7.0,26,26.923076923076923
PROX-BDB-0620-336504,5.16129,43.391,122 ZONE DE FOURNEILLIER,13220.0,Provence-Alpes-Côte d'Azur,Châteauneuf-les-Martigues,16920.0,3,21025.6,Carry-le-Rouet,6.071456134949387,11.0,115,9.565217391304348
PROX-BDB-0620-336505,-1.51917,47.27056,6 RUE BARBARA,44300.0,Pays de la Loire,Nantes,314503.0,4,20725.652174,Haluchère-Batignolles,2.3945564656156635,22.0,32,68.75
PROX-BDB-0620-336506,4.87578,44.87107,111 RUE JEAN JAURES,26800.0,Auvergne-Rhône-Alpes,Portes-lès-Valence,10758.0,3,18776.5,Portes,0.949244845438351,4.0,66,6.0606060606060606
PROX-BDB-0620-336507,6.1816,48.69199,11 RUE SAINT DIZIER,54000.0,Grand Est,Nancy,105743.0,4,19775.238095,Nancy-Ville,0.6063231031028822,4.0,25,16.0
PROX-BDB-0620-336508,3.20999,43.33887,6 AV COLONEL D ORNANO,34500.0,Occitanie,Béziers,78453.0,4,15305.0,Béziers,0.8373256712255162,4.0,36,11.11111111111111
PROX-BDB-0620-336509,3.07083,45.74749,59 AV DU MONT DORE,63110.0,Auvergne-Rhône-Alpes,Beaumont,11023.0,1,39666.666667,Royat-Chamalières,2.3615959321472846,10.0,72,13.88888888888889
PROX-BDB-0620-336510,-1.40649,48.25949,26 RUE DE RENNES,35140.0,Bretagne,Saint-Aubin-du-Cormier,3998.0,2,20263.333333,Châteaubourg,17.034716203134945,3.0,28,10.714285714285714
PROX-BDB-0620-336511,1.50719,45.19063,3 AVENUE DE BRIVE,19270.0,Nouvelle-Aquitaine,Ussac,4294.0,3,22700.4,Brive-la-Gaillarde,4.5935069340410175,3.0,10,30.0
PROX-BDB-0620-336512,-0.58008,47.47361,3 AVENUE DU GENERAL PATTON,49000.0,Pays de la Loire,Angers,156037.0,4,18748.0,Angers-St-Laud,2.029530502969925,4.0,25,16.0
PROX-BDB-0620-336513,4.12025,46.45175,8 PL LAMARTINE,71600.0,Bourgogne-Franche-Comté,Paray-le-Monial,9639.0,3,18700.190476,Paray-le-Monial,0.708037984720205,6.0,16,37.5
PROX-BDB-0620-336514,4.86095,46.77979,33 RUE DE STRASBOURG,71100.0,Bourgogne-Franche-Comté,Chalon-sur-Saône,46603.0,3,17363.111111,Chalon-sur-Saône,1.4109534141452749,17.0,127,13.385826771653544
PROX-BDB-0620-336515,-0.6485,44.84246,9 PLACE CHARLES DE GAULLE,33700.0,Nouvelle-Aquitaine,Mérignac,70815.0,2,21636.0,Caudéran-Mérignac,1.6600221208725303,5.0,27,18.51851851851852
PROX-BDB-0620-336516,0.08244,43.22875,27 PL DU FOIRAIL,65000.0,Occitanie,Tarbes,42590.0,3,17110.666667,Tarbes,1.666310674268131,7.0,59,11.864406779661017
PROX-BDB-0620-336517,1.45523,43.6179,38 RUE DU FAUBOURG BONNEFOY,31500.0,Occitanie,Toulouse,484809.0,4,20100.0,Toulouse-Matabiau,0.8034786565472621,42.0,107,39.25233644859813
PROX-BDB-0620-336518,3.11067,50.37211,114 RUE CELESTIN DUBOIS,59119.0,Hauts-de-France,Waziers,7519.0,4,14706.578947,Sin-le-Noble,1.7367162782723755,43.0,62,69.35483870967742
PROX-BDB-0620-336519,5.33086,43.36014,174 RUE RABELAIS,13016.0,Provence-Alpes-Côte d'Azur,Marseille 16e Arrondissement,16286.0,4,16876.666667,Séon-St-Henry,0.7753786395381236,10.0,63,15.873015873015872
PROX-BDB-1021-352753,5.34201,45.95456,6 AV DU GEN SARRAIL,1500.0,Auvergne-Rhône-Alpes,Ambérieu-en-Bugey,14428.0,3,19554.0,Ambérieu,0.08836597765129782,4.0,30,13.333333333333334
PROX-BDB-1021-352754,5.27934,45.58952,5 AV PROFESSEUR TIXIER,38300.0,Auvergne-Rhône-Alpes,Bourgoin-Jallieu,29024.0,3,18705.0,Bourgoin-Jallieu,0.7387093454568796,9.0,49,18.367346938775512
PROX-BDB-1021-352755,4.87502,49.69671,24 AVENUE DE TOULON,8350.0,Grand Est,Donchery,2115.0,2,17915.333333,Donchery,0.17914152669158173,7.0,24,29.166666666666668
PROX-BDB-1021-352756,5.02749,44.97475,12 AV DAUPHINE PROVENCE,26300.0,Auvergne-Rhône-Alpes,Alixan,2584.0,2,21398.0,Alixan-Châteauneuf-d'Isère,4.327066742858733,4.0,29,13.793103448275861
PROX-BDB-1021-352757,5.56536,45.32674,60 RUE DE LA REPUBLIQUE,38430.0,Auvergne-Rhône-Alpes,Moirans,8014.0,3,20966.0,Moirans-la-Galifette,0.3254618930808153,12.0,41,29.268292682926827
PROX-BDB-1021-352758,0.21854,49.11154,43 RUE DU COMMERCE,14100.0,Normandie,Saint-Martin-de-la-Lieue,796.0,2,20146.0,Lisieux,3.1039389166065043,20.0,33,60.60606060606061
PROX-BDB-1021-352759,4.91182,44.9453,3 RUE SIMONE SIGNORET,26000.0,Auvergne-Rhône-Alpes,Valence,65028.0,1,18135.0,Valence,2.4143284845174153,2.0,30,6.666666666666667
PROX-BDB-1021-352760,4.76754,44.349,8 RUE DE L EGLISE,26130.0,Auvergne-Rhône-Alpes,Saint-Paul-Trois-Châteaux,9394.0,3,21473.333333,Pierrelatte,5.804533561335567,13.0,30,43.333333333333336
PROX-BDB-1021-352761,5.9183,45.58891,189 AV D ANNECY,73000.0,Auvergne-Rhône-Alpes,Chambéry,60481.0,4,19349.333333,Chambéry-Challes-les-Eaux,1.894170202071875,3.0,102,2.941176470588235
PROX-BDB-1021-352762,5.88985,43.93138,CENTRE COMMERCIAL LE PLAN,4700.0,Provence-Alpes-Côte d'Azur,La Brillanne,1164.0,2,17461.0,La Brillanne-Oraison,0.8135570569482825,10.0,25,40.0
PROX-BDB-1021-352763,4.8861,44.92043,227 Avenue Victor Hugo,26000.0,Auvergne-Rhône-Alpes,Valence,65028.0,1,18135.0,Valence,1.0134871291347647,4.0,43,9.30232558139535
PROX-BDB-1021-352764,4.89084,44.83966,2 C ROUTE DE BEAUVALLON L'ALOUETTE,26800.0,Auvergne-Rhône-Alpes,Étoile-sur-Rhône,5603.0,2,21197.777778,Portes,4.623029343843232,8.0,47,17.02127659574468
PROX-BDB-1021-352765,5.02144,44.72773,18 RUE MAURICE LONG,26400.0,Auvergne-Rhône-Alpes,Crest,8773.0,3,17705.0,Crest,0.5452066077799359,15.0,71,21.12676056338028
PROX-BDB-1021-352766,5.0468,45.04572,38 CRS PIERRE DIDIER,26100.0,Auvergne-Rhône-Alpes,Romans-sur-Isère,33832.0,3,17503.913043,Romans-Bourg-de-Péage,0.426971948258017,18.0,58,31.03448275862069
PROX-BDB-1021-352767,5.05582,45.05675,2 Rue Etienne Jodelle,26100.0,Auvergne-Rhône-Alpes,Romans-sur-Isère,33832.0,3,17503.913043,Romans-Bourg-de-Péage,0.9896857391588363,9.0,14,64.28571428571429
PROX-BDB-1021-352768,4.61523,45.529,23 RUE JULES GUESDE,42800.0,Auvergne-Rhône-Alpes,Rive-de-Gier,15299.0,3,16822.333333,Rive-de-Gier,0.8446008551636418,15.0,80,18.75
PROX-BDB-1021-352769,3.07709,44.09824,23 BD DE L AYROLLE,12100.0,Occitanie,Millau,22844.0,3,18579.166667,Millau,0.5136426230565674,26.0,27,96.29629629629629
PROX-BDB-1021-352770,4.69698,44.37775,1 route des blaches,26700.0,Auvergne-Rhône-Alpes,Pierrelatte,13752.0,3,18467.0,Pierrelatte,0.6522896313400718,13.0,65,20.0
PROX-BDB-1021-352771,4.84524,45.76136,78 AV DU MARECHAL DE SAXE,69003.0,Auvergne-Rhône-Alpes,Lyon 3e Arrondissement,102752.0,4,23139.0,Lyon-Part-Dieu,1.164165431114817,4.0,33,12.121212121212121
PROX-BDB-1021-352772,-1.07133,49.10913,61 rue de Torigni,50000.0,Normandie,Saint-Lô,19999.0,3,18883.0,St-Lô,2.2671711404719654,10.0,54,18.51851851851852
PROX-BDB-1021-352773,5.06244,45.04549,38 AV GAMBETTA,26100.0,Auvergne-Rhône-Alpes,Romans-sur-Isère,33832.0,3,17503.913043,Romans-Bourg-de-Péage,1.078507493814808,14.0,40,35.0
PROX-BDB-1021-352774,-1.53547,47.18014,82 RUE DE LA BLORDIERE,44400.0,Pays de la Loire,Rezé,42154.0,4,20564.444444,Rezé-Pont-Rousseau,1.809841556285442,19.0,31,61.29032258064516
PROX-BDB-1021-352775,4.88686,45.75402,2TER COURS RICHARD VITTON,69003.0,Auvergne-Rhône-Alpes,Lyon 3e Arrondissement,102752.0,4,23139.0,Lyon-Part-Dieu,2.1916474976484768,56.0,123,45.52845528455284
PROX-BDB-1021-352776,0.1871,48.0143,70 RUE DES JARDINS,72000.0,Pays de la Loire,Le Mans,145776.0,4,19112.53,Le Mans,2.206181901455933,6.0,27,22.22222222222222
PROX-BDB-1021-352777,4.71813,45.93595,22 RUE DU 3 SEPTEMBRE 44,69480.0,Auvergne-Rhône-Alpes,Anse,7332.0,3,21994.761905,Anse,0.40230409092574854,5.0,84,5.952380952380952
PROX-BDB-1021-352778,4.75618,45.98593,429 RUE DU BEAUJOLAIS,1480.0,Auvergne-Rhône-Alpes,Jassans-Riottier,6458.0,3,21018.461538,Villefranche-sur-Saône,2.7164301642427016,27.0,60,45.0
PROX-BDB-1021-352779,4.77215,45.87342,58 LE PROMENOIR,69380.0,Auvergne-Rhône-Alpes,Chasselay,2849.0,2,28048.0,Quincieux,3.7288710256565616,3.0,10,30.0
PROX-BDB-1021-352780,5.73592,45.38687,26 AV JEAN JAURES,38380.0,Auvergne-Rhône-Alpes,Saint-Laurent-du-Pont,4624.0,2,20641.333333,St-Béron-La Bridoire,13.028286015313121,56.0,96,58.333333333333336
PROX-BDB-1021-352781,5.69385,45.17024,2 AV LOUIS ARMAND,38180.0,Auvergne-Rhône-Alpes,Seyssins,7791.0,4,26565.6,Grenoble,2.3409334458259115,11.0,42,26.190476190476193
PROX-BDB-1021-352782,4.99789,45.73261,8 PL DE LA REPUBLIQUE,69740.0,Auvergne-Rhône-Alpes,Genas,12941.0,3,26950.833333,St-Priest,7.100389258390785,16.0,105,15.238095238095239
PROX-BDB-1021-352783,5.04713,45.0505,7 AVENUE JEAN MOULIN,26100.0,Auvergne-Rhône-Alpes,Romans-sur-Isère,33832.0,3,17503.913043,Romans-Bourg-de-Péage,0.2586288480524267,7.0,35,20.0
PROX-BDB-1021-352784,7.11645,43.59109,431 AV JULES GREC,6600.0,Provence-Alpes-Côte d'Azur,Antibes,74161.0,4,21044.666667,Antibes,0.6202629578245246,42.0,85,49.411764705882355
PROX-BDB-1021-352785,3.07905,45.79263,79 RUE CHATEAUBRIAND,63100.0,Auvergne-Rhône-Alpes,Clermont-Ferrand,146632.0,4,18613.5,Clermont-Ferrand,2.2813003587688025,9.0,53,16.9811320754717
PROX-BDB-1021-352786,3.24856,45.79944,4 PL DE LA REPUBLIQUE,63430.0,Auvergne-Rhône-Alpes,Pont-du-Château,11736.0,3,21380.0,Pont-du-Château (FRET),1.3453544494060283,28.0,36,77.77777777777779
PROX-BDB-1021-352787,4.86643,45.77312,59 RUE GABRIEL PERI,69100.0,Auvergne-Rhône-Alpes,Villeurbanne,148754.0,4,18899.333333,Lyon-Part-Dieu,1.4798766326535422,20.0,67,29.850746268656714
PROX-BDB-1021-352788,3.54248,45.75632,9 AV HENRI POURRAT,63120.0,Auvergne-Rhône-Alpes,Courpière,4194.0,2,18628.5,Pont-de-Dore,10.436942325415929,4.0,8,50.0
PROX-BDB-1021-352789,3.72411,45.41423,108 RTE NATIONALE,63220.0,Auvergne-Rhône-Alpes,Arlanc,1932.0,2,17142.0,Darsac,30.191707803325393,,32,
PROX-BDB-1021-352790,4.84193,45.79026,64 RUE PASTEUR,69300.0,Auvergne-Rhône-Alpes,Caluire-et-Cuire,43816.0,4,23796.190476,Lyon-St-Paul,2.945507850914442,3.0,58,5.172413793103448
PROX-BDB-1021-352791,1.25142,45.81919,4 Bd Bel Air,87000.0,Nouvelle-Aquitaine,Limoges,134460.0,4,18425.333333,Limoges-Montjovis,2.1402801569548,16.0,89,17.97752808988764
PROX-BDB-1021-352792,6.38849,45.6751,106 RUE DE LA REPUBLIQUE,73200.0,Auvergne-Rhône-Alpes,Albertville,19453.0,3,18148.666667,Albertville,1.4033975329332198,17.0,34,50.0
PROX-BDB-1021-352793,3.12323,45.89508,88 Fbg de la Bade,63200.0,Auvergne-Rhône-Alpes,Riom,19999.0,3,20484.0,Riom-Châtel-Guyon,0.5918184371101192,15.0,27,55.55555555555556
PROX-BDB-1021-352794,5.76511,45.20743,39 RUE DES AIGUINARDS,38240.0,Auvergne-Rhône-Alpes,Meylan,17528.0,4,28450.0,Grenoble-Université-Gières,2.929295008953259,3.0,34,8.823529411764707
PROX-BDB-1021-352795,3.10663,45.78762,100 AV DE LA REPUBLIQUE,63100.0,Auvergne-Rhône-Alpes,Clermont-Ferrand,146632.0,4,18613.5,Clermont-Ferrand,1.1240830921053926,8.0,65,12.307692307692308
PROX-BDB-1021-352796,5.22184,45.62118,1 B PL DU TRIFORIUM,38080.0,Auvergne-Rhône-Alpes,L'Isle-d'Abeau,16405.0,3,18522.666667,L'Isle-d'Abeau,1.5702528263081301,16.0,51,31.372549019607842
PROX-BDB-1021-352797,4.841,45.89794,1 PL DE VERDUN,69730.0,Auvergne-Rhône-Alpes,Genay,5574.0,2,23090.0,Neuville-sur-Saône,2.131845842447546,9.0,42,21.428571428571427
PROX-BDB-1021-352798,4.87379,45.82337,19 BD CASTELLANE,69580.0,Auvergne-Rhône-Alpes,Sathonay-Camp,5993.0,4,20721.428571,Sathonay-Rillieux,0.41296597784988887,5.0,23,21.73913043478261
PROX-BDB-1021-352799,4.83002,45.79852,5 PL HENRI BARBUSSE,69009.0,Auvergne-Rhône-Alpes,Lyon 9e Arrondissement,51262.0,4,18823.809524,Lyon-Vaise,2.8982314814764307,11.0,75,14.666666666666666
PROX-BDB-1021-352800,4.84267,45.75573,13 CRS GAMBETTA,69003.0,Auvergne-Rhône-Alpes,Lyon 3e Arrondissement,102752.0,4,23139.0,Lyon-Jean-Macé,1.1933454661965959,8.0,61,13.114754098360656
PROX-BDB-1021-352801,4.81888,45.74196,21 QUAI ANTOINE RIBOUD,69002.0,Auvergne-Rhône-Alpes,Lyon 2e Arrondissement,30898.0,4,24999.0,Lyon-Perrache,0.7592473532706208,5.0,42,11.904761904761903
PROX-BDB-1021-352802,4.83196,45.77317,24 RUE DES PIERRES PLANTEES,69001.0,Auvergne-Rhône-Alpes,Lyon 1er Arrondissement,30142.0,4,21794.666667,Lyon-St-Paul,0.9054609495258497,1.0,56,1.7857142857142856
PROX-BDB-1021-353104,3.54079,45.85132,9 RUE DE CLERMONT,63300.0,Auvergne-Rhône-Alpes,Thiers,12169.0,3,17249.375,Thiers,1.1159671662792714,10.0,68,14.705882352941178
PROX-BDB-1021-353105,-0.47748,48.98563,6 RUE PIERRE GRINGOIRE,14220.0,Normandie,Le Hom,3749.0,2,,Bretteville-Norrey,24.32914988798318,5.0,17,29.411764705882355
PROX-BDB-1021-353106,3.11406,50.36341,110 RUE DE VERDUN,59450.0,Hauts-de-France,Sin-le-Noble,15799.0,4,16236.410256,Sin-le-Noble,0.7707525585034456,20.0,40,50.0
PROX-BDB-1021-353107,4.95594,46.11972,87 RUE PASTEUR,1400.0,Auvergne-Rhône-Alpes,Châtillon-sur-Chalaronne,5060.0,2,20118.0,Vonnas,12.272319935068712,25.0,47,53.191489361702125
PROX-BDB-1021-353108,5.25682,45.3938,11 RUE DES CORDIERS,38260.0,Auvergne-Rhône-Alpes,La Côte-Saint-André,5097.0,2,18484.285714,Le Grand-Lemps,13.01868263015467,19.0,54,35.18518518518518
PROX-BDB-1021-353109,-0.31822,47.83884,69 RUE DU MANS,72300.0,Pays de la Loire,Sablé-sur-Sarthe,12719.0,3,17464.0,Sablé-sur-Sarthe,1.812094070580936,14.0,20,70.0
PROX-BDB-1021-353110,5.01056,45.64522,10 RUE DU STADE,69780.0,Auvergne-Rhône-Alpes,Saint-Pierre-de-Chandieu,4578.0,3,24574.0,Heyrieux,3.792058702301688,2.0,64,3.125
PROX-BDB-1021-353111,5.72621,45.17842,45 RUE DE STALINGRAD,38100.0,Auvergne-Rhône-Alpes,Grenoble,160625.0,4,19773.333333,Grenoble,0.7294191142779627,4.0,31,12.903225806451612
PROX-BDB-1021-353112,5.69275,45.19848,130 Bd Joliot Curie,38600.0,Auvergne-Rhône-Alpes,Fontaine,22790.0,1,21937.083333,Grenoble,1.9059700703999722,1.0,62,1.6129032258064515
PROX-BDB-1021-353113,2.20114,48.71433,8 BD GASPARD MONGE,91120.0,Ile-de-France,Palaiseau,35881.0,4,26344.4,Igny,3.6099677399481442,17.0,90,18.88888888888889
PROX-BDB-1021-353114,5.69217,45.11957,9 PL JEAN MONNET,38640.0,Auvergne-Rhône-Alpes,Claix,8129.0,2,27248.333333,Pont-de-Claix,0.8356203541868735,3.0,39,7.6923076923076925
PROX-BDB-1021-353115,5.76181,45.16787,10 AV ROMAIN ROLLAND,38400.0,Auvergne-Rhône-Alpes,Saint-Martin-d'Hères,38755.0,4,18926.0,Grenoble-Université-Gières,2.611004044462942,7.0,66,10.606060606060606
PROX-BDB-1021-353116,5.7186,45.18775,50 CRS JEAN JAURES,38000.0,Auvergne-Rhône-Alpes,Grenoble,160625.0,4,19773.333333,Grenoble,0.4687245851065566,4.0,30,13.333333333333334
PROX-BDB-1021-353117,5.18117,45.61232,2 RTE DE FOUR,38090.0,Auvergne-Rhône-Alpes,Vaulx-Milieu,2582.0,3,22805.0,La Verpillière,2.828618486018977,14.0,77,18.181818181818183
PROX-BDB-1021-353118,3.1278,45.67228,1 Rue du Commerce,63450.0,Auvergne-Rhône-Alpes,Tallende,1563.0,2,24222.666667,Les Martres-de-Veyre,5.398828796924383,4.0,21,19.047619047619047
PROX-BDB-1021-353119,5.94362,45.56425,21 RTE D'APREMONT,73000.0,Auvergne-Rhône-Alpes,Barberaz,4843.0,4,23298.0,Chambéry-Challes-les-Eaux,2.051092761680873,7.0,35,20.0
PROX-BDB-1021-353120,5.72262,45.1852,5 PL CHAMPIONNET,38000.0,Auvergne-Rhône-Alpes,Grenoble,160625.0,4,19773.333333,Grenoble,0.4707163405179001,18.0,51,35.294117647058826
PROX-BDB-1021-353121,-2.08553,47.65199,8 RUE MARECHAL FOCH,35600.0,Bretagne,Redon,9810.0,3,19118.0,Redon,0.2252615077596727,19.0,56,33.92857142857143
PROX-BDB-1021-353122,4.39812,45.4455,4 Rue Dr Henri et Bernard Muller,42000.0,Auvergne-Rhône-Alpes,Saint-Étienne,174520.0,4,17694.0,St-Étienne-Châteaucreux,0.24277038619156047,1.0,39,2.564102564102564
PROX-BDB-1021-353123,4.5034,45.46397,PL NATIONALE,42400.0,Auvergne-Rhône-Alpes,Saint-Chamond,35524.0,3,18067.0,St-Chamond,1.4227382002138254,9.0,33,27.27272727272727
PROX-BDB-1021-353124,4.61028,45.52555,73 RUE CLAUDE DRIVON,42800.0,Auvergne-Rhône-Alpes,Rive-de-Gier,15299.0,3,16822.333333,Rive-de-Gier,0.3140913887174415,14.0,27,51.85185185185185
PROX-BDB-1021-353125,4.83142,45.86556,PL DE VERDUN,69250.0,Auvergne-Rhône-Alpes,Albigny-sur-Saône,2919.0,3,23714.0,Albigny-Neuville,1.0287932342177712,8.0,54,14.814814814814813
PROX-BDB-1021-353126,4.39317,45.4275,8 RUE EDOUARD VAILLANT,42100.0,Auvergne-Rhône-Alpes,Saint-Étienne,174520.0,4,17694.0,St-Étienne-Bellevue,1.1839830512079774,2.0,13,15.384615384615385
PROX-BDB-1021-353127,5.23475,45.59568,144 RTE DE LYON,38300.0,Auvergne-Rhône-Alpes,Bourgoin-Jallieu,29024.0,3,18705.0,L'Isle-d'Abeau,1.6906876797971242,16.0,86,18.6046511627907
PROX-BDB-1021-353128,4.96235,45.74132,2 AV DES EGLANTINES,69680.0,Auvergne-Rhône-Alpes,Chassieu,10505.0,4,26013.809524,St-Priest,6.484467286651988,5.0,26,19.230769230769234
PROX-BDB-1021-353129,4.83136,45.76562,10 QUAI DE LA PECHERIE,69001.0,Auvergne-Rhône-Alpes,Lyon 1er Arrondissement,30142.0,4,21794.666667,Lyon-St-Paul,0.455489602687518,2.0,2,100.0
PROX-BDB-1021-353130,4.76031,44.56216,57 AV DE VILLENEUVE,26200.0,Auvergne-Rhône-Alpes,Montélimar,40227.0,3,18501.481481,Montélimar,1.2971032465827799,6.0,32,18.75
PROX-BDB-1021-353131,4.39853,45.4139,28 RUE AMOUROUX,42100.0,Auvergne-Rhône-Alpes,Saint-Étienne,174520.0,4,17694.0,St-Étienne-Bellevue,0.5690081611388977,2.0,23,8.695652173913043
PROX-BDB-1021-353132,2.25691,50.44677,109 RUE DE FRUGES,62134.0,Hauts-de-France,Anvin,796.0,2,16167.333333,Anvin,0.12237171743893122,19.0,37,51.35135135135135
PROX-BDB-1021-353133,4.86483,45.75074,15 B RUE DU DAUPHINE,69003.0,Auvergne-Rhône-Alpes,Lyon 3e Arrondissement,102752.0,4,23139.0,Lyon-Part-Dieu,1.1474272792138112,5.0,70,7.142857142857142
PROX-BDB-1021-353134,5.73601,45.08006,10 RUE DE VERDUN,38560.0,Auvergne-Rhône-Alpes,Champ-sur-Drac,3041.0,3,22272.380952,Jarrie-Vizille,0.7379906826644806,10.0,13,76.92307692307693
PROX-BDB-1021-353135,4.17018,46.15858,11 RUE JEAN MOREL,42190.0,Auvergne-Rhône-Alpes,Charlieu,3772.0,2,17562.0,Le Coteau,16.34773354348093,12.0,44,27.27272727272727
PROX-BDB-1021-353136,4.07235,46.03679,61 RUE MARECHAL FOCH,42300.0,Auvergne-Rhône-Alpes,Roanne,35059.0,3,16878.380952,Roanne,0.7717909641155388,3.0,9,33.33333333333333
PROX-BDB-1021-353137,0.70497,47.3812,19 RUE GUILLAUMET,37000.0,Centre-Val de Loire,Tours,138616.0,4,18883.846154,Tours,1.0299092534699452,13.0,38,34.21052631578947
PROX-BDB-1021-353138,4.09247,46.05806,27 RUE CONDORCET,42300.0,Auvergne-Rhône-Alpes,Roanne,35059.0,3,16878.380952,Roanne,3.077037139414568,2.0,158,1.2658227848101267
PROX-BDB-1021-353139,4.05187,46.03971,1 RUE MARECHAL FOCH,42153.0,Auvergne-Rhône-Alpes,Riorges,11070.0,3,20105.333333,Roanne,0.8651367889233236,4.0,90,4.444444444444445
PROX-BDB-1021-353140,4.68409,45.36305,3 RTE DE PELUSSIN,42520.0,Auvergne-Rhône-Alpes,Maclas,1856.0,2,20318.695652,Clonas,8.948812939866896,36.0,57,63.1578947368421
PROX-BDB-1021-353141,4.18417,45.53962,18 RUE DU ONZE NOVEMBRE,42450.0,Auvergne-Rhône-Alpes,Sury-le-Comtal,6822.0,3,18572.0,Sury-le-Comtal,1.181935870648871,6.0,13,46.15384615384615
PROX-BDB-1021-353142,4.73844,46.10669,11 RUE DU 14 JUILLET,69220.0,Auvergne-Rhône-Alpes,Belleville-en-Beaujolais,13240.0,3,,Belleville-sur-Saône,0.9391618750403907,11.0,63,17.46031746031746
PROX-BDB-1021-353143,5.376,45.56696,6 RTE DE CHAMBERY,38110.0,Auvergne-Rhône-Alpes,Cessieu,3059.0,2,21260.0,Cessieu,0.6698530645660182,29.0,54,53.70370370370371
PROX-BDB-1021-353144,4.41684,45.44274,140 Rue de la Montat,42100.0,Auvergne-Rhône-Alpes,Saint-Étienne,174520.0,4,17694.0,St-Étienne-Pont-de-l'Âne,0.2871169785216128,45.0,66,68.18181818181817
PROX-BDB-1021-353145,4.31822,45.59,7 PL DE LA DEVISE,42330.0,Auvergne-Rhône-Alpes,Saint-Galmier,5864.0,3,22338.0,Veauche-St-Galmier,3.3131709905082047,15.0,22,68.18181818181817
PROX-BDB-1021-353146,5.6931,45.17657,8 RUE DE LA FAUCONNIERE,38170.0,Auvergne-Rhône-Alpes,Seyssinet-Pariset,12171.0,4,22043.0,Grenoble,2.309070474258373,8.0,33,24.242424242424242
PROX-BDB-1021-353147,4.95066,45.28925,15 place de l'Eglise,26210.0,Auvergne-Rhône-Alpes,Saint-Sorlin-en-Valloire,2299.0,2,19395.5,Manthes-Lapeyrouse,3.7939106710435833,12.0,18,66.66666666666666
PROX-BDB-1021-353148,4.83782,45.07016,68 avenue JEAN JAURES,26600.0,Auvergne-Rhône-Alpes,Tain-l'Hermitage,6366.0,3,19251.0,Tain-l'Hermitage-Tournon,0.2858813763315866,20.0,43,46.51162790697674
PROX-BDB-1021-353149,5.4188,45.39799,34 RUE DE LA REPUBLIQUE,38690.0,Auvergne-Rhône-Alpes,Le Grand-Lemps,3152.0,2,20898.333333,Le Grand-Lemps,0.4259508427526435,15.0,29,51.724137931034484
PROX-BDB-1021-353150,6.42114,45.74596,39 PL DU VAL D ARLY,73400.0,Auvergne-Rhône-Alpes,Ugine,7332.0,3,19540.0,Ugine,0.24503079842609396,7.0,18,38.88888888888889
PROX-BDB-1021-353151,6.15383,45.56989,64 RUE AUGUSTE DOMENGET,73250.0,Auvergne-Rhône-Alpes,Saint-Pierre-d'Albigny,4038.0,2,21235.0,St-Pierre-d'Albigny,1.4283027549513667,20.0,33,60.60606060606061
PROX-BDB-1021-353152,4.38614,45.43555,16 RUE DU THEATRE,42000.0,Auvergne-Rhône-Alpes,Saint-Étienne,174520.0,4,17694.0,St-Étienne-Le Clapier,0.6170091573911684,4.0,75,5.333333333333334
PROX-BDB-1021-353153,5.12859,46.33675,11 GRANDE RUE,1340.0,Auvergne-Rhône-Alpes,Montrevel-en-Bresse,2531.0,2,20097.333333,Polliat,10.260689218657093,7.0,53,13.20754716981132
PROX-BDB-1221-354700,5.21431,46.19415,17 AVENUE DE LYON,1000.0,Auvergne-Rhône-Alpes,Bourg-en-Bresse,43306.0,3,18088.0,Bourg-en-Bresse,0.22349569884462794,17.0,51,33.33333333333333
PROX-BDB-1221-354701,4.75864,46.08022,12 Rue Saget,1090.0,Auvergne-Rhône-Alpes,Montmerle-sur-Saône,3859.0,3,22007.666667,Belleville-sur-Saône,4.205877083178379,9.0,18,50.0
PROX-BDB-1221-354702,5.32709,45.11716,10 route de valence,38160.0,Auvergne-Rhône-Alpes,Saint-Romans,1819.0,2,20704.0,St-Marcellin,3.750123690769421,8.0,61,13.114754098360656
PROX-BDB-1221-354703,5.32828,45.95166,3 RUE DU DOCTEUR CHARCOT,1500.0,Auvergne-Rhône-Alpes,Saint-Denis-en-Bugey,2336.0,3,20551.73913,Ambérieu,1.0967745235537996,2.0,54,3.7037037037037033
PROX-BDB-1221-354704,2.51675,49.86871,1 RUE DE LA REPUBLIQUE,80800.0,Hauts-de-France,Villers-Bretonneux,4518.0,2,20536.666667,Villers-Bretonneux,0.7597223922973703,10.0,53,18.867924528301888
PROX-BDB-1221-354705,5.06642,45.03232,6 AV DU PRESIDENT KENNEDY,26300.0,Auvergne-Rhône-Alpes,Bourg-de-Péage,10384.0,3,18264.0,Romans-Bourg-de-Péage,2.275097385115501,8.0,46,17.391304347826086
PROX-BDB-1221-354706,4.87899,44.93312,251 avenue de la République,7500.0,Auvergne-Rhône-Alpes,Guilherand-Granges,11204.0,4,21243.478261,Valence,1.2759799625576391,4.0,41,9.75609756097561
PROX-BDB-1221-354707,5.34132,45.33875,9 RTE DE BREZINS,38590.0,Auvergne-Rhône-Alpes,Saint-Étienne-de-Saint-Geoirs,3269.0,2,19958.333333,Le Grand-Lemps,9.0472559166276,6.0,20,30.0
PROX-BDB-1221-354708,6.11602,45.89798,25 avenue de chambery,74000.0,Auvergne-Rhône-Alpes,Annecy,130175.0,4,21676.5,Annecy,0.6508992135833851,6.0,18,33.33333333333333
PROX-BDB-1221-354709,6.58063,46.05951,14 GRANDE RUE,74300.0,Auvergne-Rhône-Alpes,Cluses,17454.0,3,18838.5,Cluses,0.2645156278440739,13.0,15,86.66666666666667
PROX-BDB-1221-354710,5.90976,45.69351,8 PL GEORGES CLEMENCEAU,73100.0,Auvergne-Rhône-Alpes,Aix-les-Bains,30373.0,3,20583.75,Aix-les-Bains-Le Revard,0.5921356146510177,5.0,19,26.31578947368421
PROX-BDB-1221-354711,4.67165,45.61912,21 PL DE LA LIBERTE,69440.0,Auvergne-Rhône-Alpes,Mornant,6140.0,3,23820.952381,Givors,8.251485961228827,15.0,25,60.0
PROX-BDB-1221-354712,5.94389,45.86857,14 RUE DU PONT NEUF,74150.0,Auvergne-Rhône-Alpes,Rumilly,15741.0,2,20377.777778,Rumilly,0.712154469971024,4.0,48,8.333333333333332
PROX-BDB-1221-354713,2.95677,50.492,31 RUE EDOUARD PLACHEZ,62220.0,Hauts-de-France,Carvin,17235.0,3,17205.5,Libercourt,3.9311901331852788,12.0,26,46.15384615384615
PROX-BDB-1221-354714,2.96524,50.61031,119 B RUE DU GENERAL DE GAULLE,59320.0,Hauts-de-France,Hallennes-lez-Haubourdin,4471.0,4,21996.0,Santes,2.112964344042562,4.0,45,8.88888888888889
PROX-BDB-1221-354715,2.54398,50.47653,460 RUE ALFRED LEROY,62700.0,Hauts-de-France,Bruay-la-Buissière,22267.0,3,15474.0,Vis-à-Marles,3.6522752700974914,35.0,63,55.55555555555556
PROX-BDB-1221-354716,4.82739,45.7594,1 QUAI FULCHIRON,69005.0,Auvergne-Rhône-Alpes,Lyon 5e Arrondissement,50473.0,4,22735.666667,Lyon-St-Paul,0.7854138787127122,2.0,48,4.166666666666666
PROX-BDB-1221-354717,2.80746,50.53163,54 RUE DU GENERAL LECLERC,59480.0,Hauts-de-France,La Bassée,6455.0,3,18088.693548,La Bassée,0.5218699656871393,9.0,15,60.0
PROX-BDB-1221-354718,2.82998,50.42943,12 RUE DU MARECHAL LECLERC,62300.0,Hauts-de-France,Lens,31614.0,4,15108.0,Lens,0.33555401867058415,5.0,70,7.142857142857142
PROX-BDB-1221-354719,2.96923,50.41845,639 BD ALBERT SCHWEITZER,62110.0,Hauts-de-France,Hénin-Beaumont,26385.0,4,16537.5,Hénin-Beaumont,1.1999785105925276,63.0,85,74.11764705882354
PROX-BDB-1221-354720,3.3949,49.05927,AV DE SOISSONS,2400.0,Hauts-de-France,Château-Thierry,15486.0,3,17385.0,Château-Thierry,2.618214805459369,6.0,56,10.714285714285714
PROX-BDB-1221-354721,2.77932,50.26478,106 place Varlet,62217.0,Hauts-de-France,Beaurains,5729.0,4,19590.952381,Arras,2.4220019447771994,7.0,94,7.446808510638298
PROX-BDB-1221-354722,3.96141,50.28106,14 RUE DU PROGRES,59600.0,Hauts-de-France,Maubeuge,30258.0,3,14697.142857,Maubeuge,1.0761143277813343,4.0,73,5.47945205479452
PROX-BDB-1221-354723,-0.38759,45.10312,98 AV DE PARIS,33620.0,Nouvelle-Aquitaine,Cavignac,2080.0,2,17447.307692,Cavignac,0.49482741516317547,26.0,47,55.319148936170215
PROX-BDB-1221-354724,2.42961,49.25729,18 RUE DE LA REPUBLIQUE,60160.0,Hauts-de-France,Montataire,13419.0,4,15558.157895,Montataire,0.8319003155539444,7.0,127,5.511811023622047
